{
    "Price-CAT": {
        "Rates": [
            0.044833, 
            0.061453, 
            0.084235, 
            0.115464, 
            0.158269, 
            0.216943, 
            0.29737, 
            0.407612, 
            0.558725, 
            0.765858, 
            1.049781, 
            1.438962, 
            1.972422, 
            2.703649, 
            3.705961, 
            5.079855, 
            6.963089, 
            9.544484, 
            13.082869, 
            17.933022
        ], 
        "SiteCategories": [
            8, 
            14, 
            15, 
            12, 
            13, 
            8, 
            15, 
            12, 
            5, 
            10, 
            13, 
            10, 
            12, 
            1, 
            5, 
            3, 
            13, 
            4, 
            1, 
            12, 
            13, 
            6, 
            1, 
            9, 
            5, 
            4, 
            14, 
            6, 
            14, 
            12, 
            11, 
            10, 
            6, 
            14, 
            2, 
            15, 
            10, 
            14, 
            12, 
            1, 
            10, 
            1, 
            10, 
            9, 
            5, 
            1, 
            4, 
            2, 
            1, 
            8, 
            9, 
            1, 
            6, 
            4, 
            6, 
            8, 
            7, 
            11, 
            12, 
            14, 
            13, 
            12, 
            13, 
            15, 
            13, 
            11, 
            11, 
            2, 
            11, 
            8, 
            9, 
            6, 
            5, 
            9, 
            12, 
            10, 
            13, 
            2, 
            12, 
            13, 
            3, 
            10, 
            12, 
            5, 
            7, 
            1, 
            11, 
            8, 
            11, 
            11, 
            13, 
            6, 
            13, 
            6, 
            14, 
            13, 
            10, 
            2, 
            7, 
            8, 
            1, 
            1, 
            7, 
            10, 
            12, 
            7, 
            12, 
            13, 
            9, 
            13, 
            13, 
            14, 
            10, 
            13, 
            10, 
            7, 
            11, 
            12, 
            2, 
            7, 
            12, 
            9, 
            9, 
            10, 
            7, 
            9, 
            13, 
            6, 
            12, 
            2, 
            7, 
            2, 
            11, 
            11, 
            1, 
            12, 
            1, 
            8, 
            1, 
            12, 
            7, 
            10, 
            6, 
            9, 
            9, 
            12, 
            14, 
            10, 
            6, 
            10, 
            12, 
            9, 
            1, 
            13, 
            2, 
            5, 
            11, 
            12, 
            4, 
            3, 
            4, 
            7, 
            2, 
            5, 
            9, 
            9, 
            6, 
            9, 
            11, 
            3, 
            3, 
            4, 
            10, 
            5, 
            9, 
            6, 
            13, 
            13, 
            10, 
            13, 
            14, 
            12, 
            7, 
            10, 
            12, 
            10, 
            12, 
            10, 
            14, 
            14, 
            8, 
            12, 
            1, 
            13, 
            9, 
            12, 
            11, 
            9, 
            4, 
            3, 
            7, 
            10, 
            9, 
            14, 
            14, 
            15, 
            12, 
            10, 
            15, 
            9, 
            7, 
            12, 
            15, 
            9, 
            1, 
            9, 
            12, 
            9, 
            10, 
            1, 
            9, 
            1, 
            1, 
            1, 
            7, 
            1, 
            10, 
            6, 
            9, 
            10, 
            11, 
            7, 
            9, 
            13, 
            11, 
            6, 
            15, 
            9, 
            6, 
            11, 
            15, 
            14, 
            4, 
            11, 
            5, 
            9, 
            8, 
            8, 
            2, 
            8, 
            2, 
            5, 
            6, 
            3, 
            2, 
            10, 
            5, 
            10, 
            8, 
            9, 
            12, 
            6, 
            12, 
            14, 
            6, 
            11, 
            14, 
            12, 
            4, 
            10, 
            7, 
            4, 
            8, 
            10, 
            3, 
            7, 
            3, 
            2, 
            2, 
            2, 
            2, 
            2, 
            2, 
            3, 
            1, 
            3, 
            6, 
            9, 
            12, 
            10, 
            9, 
            12, 
            14, 
            16, 
            10, 
            9, 
            9, 
            4, 
            6, 
            1, 
            2, 
            6, 
            4, 
            2, 
            8, 
            1, 
            12, 
            3, 
            14, 
            3, 
            2, 
            12, 
            10, 
            3, 
            4, 
            8, 
            4, 
            2, 
            7, 
            6, 
            6, 
            7, 
            1, 
            6, 
            4, 
            9, 
            13, 
            13, 
            9, 
            10, 
            5, 
            3, 
            10, 
            7, 
            6, 
            3, 
            8, 
            4, 
            1, 
            4, 
            2, 
            11, 
            8, 
            3, 
            6, 
            6, 
            2, 
            3, 
            5, 
            10, 
            7, 
            7, 
            3, 
            13, 
            3, 
            8, 
            9, 
            5, 
            9, 
            10, 
            8, 
            3, 
            3, 
            7, 
            4, 
            2, 
            4, 
            3, 
            2, 
            10, 
            6, 
            3, 
            8, 
            12, 
            13, 
            4, 
            7, 
            9, 
            5, 
            7, 
            2, 
            9, 
            8, 
            5, 
            8, 
            15, 
            9, 
            10, 
            5, 
            15, 
            9, 
            16, 
            14, 
            11, 
            16, 
            16, 
            16, 
            12, 
            4, 
            2, 
            15, 
            3, 
            11, 
            11, 
            2, 
            7, 
            13, 
            8, 
            4, 
            9, 
            3, 
            8, 
            4, 
            6, 
            3, 
            11, 
            10, 
            9, 
            2, 
            12, 
            12, 
            14, 
            13, 
            11, 
            1, 
            4, 
            13, 
            9, 
            14, 
            6, 
            5, 
            13, 
            1, 
            1, 
            10, 
            7, 
            12, 
            7, 
            14, 
            8, 
            11, 
            11, 
            3, 
            8, 
            11, 
            6, 
            4, 
            12, 
            14, 
            10, 
            13, 
            8, 
            11, 
            1, 
